name,month,day
Chris Okpala,1,14
Ezeagha Luke,1,15
Paul Kamsolu Okpala,1,25
Stanley Ezeh,1,30
Depeople,2,10
Ifeanyi Osigwe,2,16
Stanley Ukommadu,2,23
Obi JP Okafor Ikenga,3,1
Maduabuchi Cosmas,3,22
Paulinus Okonkwo (Rev. Fr.),3,25
Umensofor Anthony,4,6
Okeke Emmanuel Butex,4,8
Fr. Anthony Ezeokeke,4,17
Chuma Okoli,4,26
Uchebo Pius,4,30
Obibuzor Bonaventure,5,9
Okoye Venantius,5,18
Okeke Ignatius,5,22
Okoli Chinwike (Fr),5,22
Ofodile Chiedozie,5,24
Edwin Okoye,6,6
Eche Daniels,6,6
Akoh Cyprian,6,28
Olisaemeka Okeke,7,4
Kingsley Mgbii,7,22
Amb. Charles Ezeaniekwe,7,25
Kenfrancis,7,25
Fr. Johnpaul Afuecheta,8,6
Umeh Chamberline A.,8,9
Ogbogu Chibuzo,9,22
Chukwuka Moses Azubuike,9,23
Modozie Michael,9,23
Aniefuna Ikechukwu,10,2
Ezeonu Arinze,10,5
Nwankwo Remigius (Rev. Fr. Dr.),10,6
Fr. Damian Chigbata CSSp,10,6
Anizoba Jude,10,15
Okoli Marcel,10,22
Joseph Onwe,10,23
Emeka Victor,10,29
Ekwunife Alphonsus,10,30
Martin Akabogu (Rev. Fr.),11,11
Igwe Marcellus,11,12
Obuboegbunam Pius,11,17
Nwafor Celestine,11,19
Umennajiuba Raymond (Rev Fr),12,9
Celestine Okekeofojebe (Rev. Fr.),12,12
Marcellinus Nwolisa (Rev. Fr.),12,27
Maximus Nwolisa (Rev. Fr.),12,27
